imo,ofac,uk,eu
0363464,False,True,False
1006960,True,False,False
1010648,True,False,False
1010703,True,False,False
1011159,True,False,False
1011202,True,False,False
1011331,True,False,False
1011551,True,False,False
1021570,True,False,True
4743313,True,False,False
6401828,True,False,False
6421660,True,False,False
6703769,True,False,False
6908096,True,False,False
7206512,True,False,False
7236141,True,False,False
7303803,True,True,True
7389704,True,True,True
7406784,True,False,False
7408873,True,True,True
7411260,True,False,False
7416349,True,False,False
7423275,True,False,False
7506118,True,False,False
7514517,True,False,False
7612448,True,True,False
7632955,True,False,False
7640378,True,False,False
7738656,True,False,False
7741108,True,False,False
7815246,True,False,False
7904580,True,False,False
7912111,True,False,False
7937317,True,False,False
7944683,True,False,False
7944695,True,False,False
8010427,False,False,True
8011055,True,False,False
8018900,True,False,False
8018912,True,False,False
8023670,True,False,False
8106109,True,False,False
8106496,True,True,True
8122347,True,True,True
8126070,True,True,True
8132835,True,False,False
8133530,True,False,False
8151415,True,False,False
8201870,True,False,False
8203608,True,False,False
8203933,True,False,False
8212465,True,False,False
8215742,True,False,False
8217685,True,False,False
8227238,True,False,False
8231057,False,False,True
8305781,True,False,False
8312227,True,False,False
8312497,False,True,True
8314275,True,False,False
8315499,True,False,False
8316106,True,False,False
8316168,True,False,False
8318130,True,False,False
8318178,True,False,False
8318740,True,False,False
8318867,True,False,False
8319940,True,False,False
8319952,True,False,False
8322064,True,False,False
8322076,True,False,False
8328197,True,False,False
8330516,True,False,False
8330815,True,False,False
8400103,True,False,False
8400854,True,False,False
8400945,True,False,False
8403698,True,False,False
8404991,True,False,False
8405270,True,False,False
8405311,True,True,True
8405402,True,False,False
8406573,True,False,False
8407345,True,False,False
8407802,True,False,False
8408595,True,True,True
8408985,True,False,False
8409032,True,False,False
8412467,True,False,False
8413306,True,False,False
8414295,True,False,False
8414477,False,False,True
8422072,True,False,False
8422670,True,False,False
8422682,True,False,False
8430562,True,False,False
8502080,True,False,False
8502107,True,False,False
8503228,True,True,True
8504923,True,False,False
8508462,True,False,False
8511823,True,False,False
8514409,True,False,False
8517231,True,False,False
8517243,True,False,False
8517839,True,False,True
8518572,False,True,True
8518780,False,True,True
8519966,True,False,False
8523242,True,False,False
8529428,True,False,False
8529442,True,False,False
8537097,True,False,False
8537102,True,False,False
8602531,True,False,False
8603406,True,False,False
8603690,True,False,False
8604917,True,True,True
8605026,True,True,True
8605234,True,False,False
8606173,False,True,False
8606616,True,False,False
8606628,True,False,False
8613360,True,False,False
8618073,True,False,False
8625545,True,False,False
8628597,True,True,True
8648145,True,False,False
8648157,True,False,False
8648169,True,False,False
8648171,True,False,False
8651283,True,False,False
8651295,True,False,False
8658267,True,False,False
8660313,True,True,True
8661575,True,False,False
8661719,True,False,False
8661850,True,False,False
8674156,True,False,False
8682490,True,False,False
8682505,True,False,False
8682517,True,False,False
8682529,True,False,False
8687268,True,False,False
8687270,True,False,False
8688171,True,False,False
8688183,True,False,False
8691702,True,True,True
8700010,True,False,False
8700046,True,False,False
8700060,True,False,False
8700096,False,True,True
8703933,True,False,False
8705539,True,True,True
8710730,True,False,False
8711289,True,False,False
8711306,True,False,False
8712362,True,True,True
8713421,True,False,False
8713457,True,False,False
8713471,True,False,False
8714657,True,False,False
8714695,True,False,False
8720436,True,False,False
8721351,True,False,False
8724080,True,False,False
8724482,True,False,False
8724779,False,False,True
8728543,True,False,False
8730077,True,False,False
8730455,True,False,False
8739396,True,False,False
8744107,True,False,False
8747604,True,True,True
8767953,True,False,False
8767977,True,False,False
8770261,True,False,False
8772049,True,False,False
8791667,False,True,True
8799619,True,False,False
8807416,True,False,False
8808264,True,False,False
8808525,False,True,True
8813116,True,False,False
8814354,True,False,False
8817693,True,False,False
8818219,True,False,False
8818843,True,False,False
8819017,True,False,False
8820509,True,False,False
8820925,True,False,False
8821761,False,True,True
8821797,True,False,False
8821802,True,False,False
8826230,True,False,False
8828329,True,False,False
8829555,True,False,False
8829593,True,False,False
8834691,True,False,False
8846814,False,True,False
8848276,True,False,False
8857667,True,False,False
8858087,True,True,False
8861058,True,False,False
8862935,False,False,True
8866591,True,False,False
8867129,False,False,True
8889385,True,True,False
8898738,True,False,False
8898740,True,True,True
8898831,True,False,False
8904367,True,False,False
8904379,True,False,False
8904408,True,False,False
8904410,True,False,False
8904422,True,False,False
8904434,True,False,False
8904458,True,False,False
8909329,True,False,False
8909331,True,False,False
8909472,True,False,False
8909575,True,False,False
8909769,True,False,False
8909915,True,False,False
8910897,True,False,False
8910976,True,False,False
8912546,True,False,False
8912558,True,False,False
8914934,True,True,True
8915158,True,False,False
8915548,False,False,True
8915550,False,False,True
8916293,True,False,False
8916580,True,True,True
8917467,True,False,False
8917807,True,False,False
8920579,False,False,True
8920581,False,False,True
8922486,True,False,False
8926913,True,False,False
8928143,True,False,False
8931748,True,False,False
8937675,False,True,True
8943155,True,False,False
8943210,False,True,False
8947553,True,False,False
8951413,True,False,False
8966535,True,False,False
8982888,True,False,False
8983404,True,False,False
8984484,True,False,False
8987333,True,False,False
8989795,True,False,False
8994013,True,False,False
9000883,True,False,False
9002491,True,False,False
9002908,True,False,False
9003213,False,True,False
9003550,True,False,False
9004449,True,False,False
9004700,True,True,True
9005053,True,False,False
9005065,True,False,False
9005338,True,False,False
9005493,True,False,False
9005596,True,False,False
9007386,True,False,False
9008108,True,False,False
9008201,True,True,True
9009085,True,False,False
9010022,True,False,False
9010711,True,False,False
9010723,True,False,False
9012886,True,False,False
9013701,True,False,False
9014420,True,False,False
9014456,True,False,False
9014872,True,False,False
9015278,True,False,False
9016246,True,False,False
9016258,True,False,False
9016571,True,False,False
9020003,True,True,True
9020015,True,False,False
9020534,True,True,True
9020778,True,False,False
9025778,True,False,False
9030591,True,True,True
9031519,True,False,False
9031935,True,False,False
9031947,True,False,False
9032666,True,False,False
9034690,True,False,False
9034705,True,False,False
9036052,True,False,False
9036284,False,False,True
9036777,True,False,False
9036935,True,False,False
9037123,False,True,True
9037678,True,False,False
9038294,True,False,False
9038763,True,False,False
9038842,True,False,False
9041057,True,False,False
9041552,True,False,False
9041655,True,False,False
9045807,True,False,False
9046784,True,False,False
9051624,True,False,False
9051636,True,False,False
9051648,True,False,False
9052331,True,False,False
9053816,True,False,False
9056571,False,True,True
9066540,True,True,True
9066978,True,True,True
9070072,True,False,False
9071519,True,False,False
9076478,True,False,False
9078191,True,False,False
9079066,True,False,False
9079078,True,False,False
9079107,True,False,False
9079169,True,False,True
9080493,True,False,False
9081291,True,False,False
9081332,True,False,False
9081368,True,False,False
9081370,True,False,False
9082142,True,False,False
9083184,False,False,True
9083196,True,False,False
9083330,True,False,False
9085730,True,False,False
9086253,True,False,False
9087714,False,True,True
9088524,True,False,False
9088536,True,False,False
9096507,True,False,False
9096791,True,False,False
9102198,True,False,False
9102239,True,False,False
9102241,True,False,False
9102277,True,False,False
9103099,True,False,False
9103817,True,False,False
9105140,False,True,True
9108099,True,False,False
9109081,True,False,False
9109550,True,False,False
9110236,True,False,False
9113020,True,False,False
9113094,True,False,False
9113276,False,True,True
9113379,True,False,False
9114555,True,True,True
9114581,True,False,False
9114608,True,False,False
9115028,True,False,False
9115303,True,False,False
9116412,True,False,False
9116632,True,False,False
9117478,True,False,False
9117492,True,False,False
9117818,True,False,False
9118355,True,False,False
9118551,True,False,False
9118745,True,False,False
9120994,True,False,False
9122473,True,False,False
9125126,True,False,False
9125138,True,False,False
9125712,True,False,False
9125724,True,False,False
9126015,True,False,False
9127667,True,False,False
9131096,True,False,False
9131101,True,False,False
9131357,False,True,False
9131539,True,False,False
9133070,True,False,False
9133082,True,False,False
9133109,True,False,False
9134165,True,False,False
9136113,True,False,False
9136644,True,False,False
9137210,True,False,False
9137246,True,False,False
9137258,True,False,False
9137648,False,True,True
9138044,True,False,False
9138056,True,False,False
9138680,True,False,False
9139945,True,False,False
9140451,True,False,False
9141259,True,False,False
9142150,True,False,False
9142588,True,False,False
9142916,False,True,True
9143506,True,False,False
9144782,True,True,True
9147394,True,False,False
9147447,True,False,False
9150365,True,False,False
9150377,True,False,False
9151890,False,True,True
9153525,True,False,False
9154000,True,False,False
9155341,True,False,False
9155626,True,False,False
9157478,True,False,False
9157820,True,False,False
9158161,True,False,False
9158240,True,False,False
9159787,True,False,False
9159921,True,False,False
9160475,True,False,False
9160994,True,False,False
9161003,True,True,True
9162928,True,False,False
9163154,True,False,False
9163166,True,False,False
9163269,True,False,False
9163764,False,True,True
9164500,True,False,False
9164512,False,True,True
9164718,False,False,True
9165786,True,False,False
9165798,True,False,False
9165803,True,False,False
9165815,True,False,False
9165827,True,False,False
9165839,True,False,False
9166314,False,True,True
9166675,True,False,False
9167148,True,False,False
9167162,True,False,False
9167253,True,False,False
9167265,True,False,False
9167277,True,False,False
9167289,True,False,False
9167291,True,False,False
9167409,True,False,False
9167930,True,True,True
9168946,True,True,True
9169421,True,False,False
9171175,False,True,True
9171357,True,False,False
9171448,True,False,False
9171450,True,False,False
9171462,True,False,False
9171498,True,False,False
9171503,True,False,False
9171620,True,False,False
9171876,True,False,False
9172038,True,False,False
9172040,True,False,False
9172052,True,False,False
9172636,True,False,False
9173745,True,False,False
9174220,True,False,False
9174397,True,False,False
9174660,True,False,False
9175078,False,True,True
9176656,True,False,False
9176773,True,False,False
9176929,True,False,False
9177155,True,False,False
9177583,True,False,False
9177806,True,False,False
9178044,True,False,False
9178068,True,False,False
9179347,True,False,False
9179385,True,False,False
9179842,True,True,True
9179854,True,False,False
9179921,True,False,False
9180152,True,False,False
9180164,True,False,False
9180281,True,False,False
9181194,True,False,False
9181649,True,False,False
9182291,True,False,False
9183295,False,True,True
9183362,True,False,False
9183831,True,True,True
9183934,True,False,False
9184691,True,False,False
9185528,False,True,False
9185530,True,False,False
9186625,True,False,True
9187227,True,True,True
9187368,True,False,False
9187514,True,False,False
9187629,True,False,False
9187631,True,False,False
9187643,True,False,False
9187655,True,False,False
9187667,True,False,False
9188752,True,False,False
9189146,True,True,True
9190078,True,False,False
9190107,True,False,False
9190274,True,False,False
9190286,True,False,False
9191553,True,False,False
9191711,True,False,False
9191773,False,True,True
9192258,True,False,False
9193185,True,False,False
9193197,True,False,False
9193202,True,False,False
9193214,True,False,False
9193721,True,False,False
9194012,False,False,True
9194127,True,False,False
9194139,True,False,False
9194969,True,False,False
9194983,False,True,True
9196448,True,False,False
9196620,True,False,False
9196632,True,False,False
9196644,True,False,False
9197727,True,False,False
9197832,True,False,False
9197844,True,False,False
9197909,True,False,False
9198082,True,True,True
9198094,True,False,False
9198226,True,False,False
9198290,False,True,True
9198317,True,False,False
9198783,True,True,True
9199127,True,True,True
9200861,True,False,False
9201994,True,False,False
9202053,True,False,False
9203265,True,False,False
9203277,True,False,False
9203710,True,False,False
9203772,True,False,False
9203784,True,False,False
9203928,True,False,False
9203930,True,False,False
9204764,True,False,False
9204776,True,False,False
9204805,True,False,False
9205067,False,True,True
9206396,True,False,False
9206671,False,True,True
9207027,False,True,True
9207273,True,False,False
9208069,True,True,True
9208124,False,True,True
9208215,True,False,False
9208239,True,False,False
9209348,True,False,False
9209350,True,False,False
9209972,False,True,True
9210256,True,False,False
9210359,True,False,False
9211896,False,False,True
9211999,True,True,True
9212008,True,False,False
9212400,True,False,False
9212759,True,False,False
9212888,True,False,False
9212890,True,False,False
9212905,True,False,False
9212917,True,False,False
9212929,True,False,False
9213387,True,False,False
9213399,True,False,False
9215103,True,False,False
9216298,True,True,True
9216482,True,False,False
9216547,True,False,False
9216559,True,False,False
9216717,True,False,False
9217979,True,False,False
9218181,True,False,False
9218301,True,False,False
9218454,True,False,False
9218466,True,False,False
9218478,True,False,False
9218480,True,False,False
9218492,True,False,False
9219056,True,False,False
9220639,True,False,False
9220641,True,False,False
9220914,True,False,False
9220938,True,False,False
9220940,True,False,False
9220952,True,False,False
9221267,True,False,False
9221475,True,False,False
9221671,True,False,False
9221970,True,False,False
9222443,True,False,False
9222560,False,True,True
9222649,True,False,False
9223344,True,False,False
9223540,True,False,False
9224271,True,False,False
9224283,True,True,True
9224295,True,False,False
9224439,False,True,True
9224441,False,True,True
9224465,True,True,True
9224570,True,False,False
9224790,True,False,False
9224805,True,True,False
9225342,True,False,False
9226011,True,False,False
9226944,True,False,False
9226956,True,False,False
9226968,True,False,False
9227443,False,True,True
9227479,True,False,False
9228538,True,False,False
9228784,True,False,False
9228980,True,False,False
9229362,True,False,False
9229374,False,True,True
9229439,True,False,False
9230098,True,False,False
9230426,True,False,False
9230880,True,False,False
9230907,True,False,False
9230971,True,True,True
9231212,True,True,True
9231224,True,False,False
9231509,False,True,True
9231901,True,False,False
9232448,True,False,False
9232450,True,False,False
9232620,True,False,False
9232876,True,False,False
9232888,False,True,True
9232929,False,True,True
9232931,False,True,True
9232955,True,False,False
9233208,True,False,False
9233222,True,False,False
9233234,True,False,False
9233349,True,True,True
9233739,True,False,False
9233741,True,True,True
9233753,True,False,False
9233765,True,True,True
9233777,False,True,True
9233973,True,False,False
9234472,True,False,False
9234501,False,True,True
9234616,True,False,False
9234642,False,False,True
9234666,True,False,False
9235000,False,False,True
9235127,True,False,False
9235244,True,False,False
9235464,True,False,False
9235713,True,True,True
9235725,False,True,True
9235737,True,False,False
9236004,False,True,True
9236016,False,True,True
9236248,True,True,True
9236250,True,False,False
9236353,False,True,True
9236640,True,True,True
9236652,True,False,False
9236731,True,False,False
9236743,False,True,True
9237008,True,False,False
9237084,True,False,False
9237228,True,True,True
9237412,True,True,True
9237539,True,False,False
9237618,True,False,False
9237632,True,False,False
9237773,True,False,False
9237797,True,False,False
9238052,True,True,False
9238868,True,False,False
9239458,True,False,False
9239989,True,False,False
9240158,True,False,False
9240419,True,False,False
9240512,True,False,False
9240550,True,False,False
9240885,True,True,True
9240914,True,False,False
9241114,True,False,False
9241487,True,False,False
9242118,True,False,False
9242120,True,False,False
9242223,True,True,True
9242443,True,False,False
9242481,True,False,False
9242986,True,False,False
9243148,True,True,True
9243801,True,False,False
9243825,True,False,False
9244635,True,False,False
9245304,True,False,False
9245316,True,False,False
9245794,True,False,False
9246140,True,False,False
9246279,True,False,False
9246281,True,False,False
9246322,True,False,False
9246487,True,False,False
9246803,True,False,False
9247194,False,True,False
9247376,False,True,True
9247388,True,False,False
9247390,True,False,False
9247429,False,True,True
9247431,False,True,True
9247443,False,True,True
9247778,True,True,True
9247780,True,True,True
9247792,False,True,True
9247883,False,True,True
9247986,True,False,False
9248473,True,False,False
9248485,True,False,False
9248497,True,False,False
9248796,False,True,True
9248801,False,True,True
9248849,False,True,True
9249087,True,True,False
9249128,True,True,True
9249130,False,True,True
9249312,False,True,True
9249324,True,False,False
9249685,True,False,False
9250385,True,False,False
9250505,True,False,False
9250531,True,True,True
9250543,False,True,True
9250892,False,True,True
9250907,True,False,False
9251274,True,True,True
9251456,False,True,True
9251602,True,False,False
9251640,True,False,False
9251810,True,True,True
9251822,True,False,False
9251884,True,False,False
9251896,True,False,False
9251951,True,False,False
9252072,True,False,False
9252333,True,False,False
9252400,True,True,True
9252943,True,False,False
9252955,True,True,True
9252967,False,False,True
9253076,False,True,True
9253117,True,False,False
9253234,False,True,True
9253313,False,True,True
9253325,True,True,True
9253894,False,True,True
9253909,False,True,False
9254082,True,False,False
9254422,True,False,False
9254850,True,False,False
9254862,True,False,False
9254915,True,False,False
9255244,False,True,True
9255270,True,True,True
9255402,True,False,False
9255488,True,False,False
9255660,False,True,True
9255672,False,True,True
9255684,True,True,True
9255830,False,True,True
9255880,True,False,False
9255933,True,False,False
9255945,True,False,False
9256016,True,False,False
9256028,False,True,True
9256054,True,True,True
9256066,True,True,True
9256078,True,True,True
9256248,True,False,False
9256468,True,False,False
9256602,True,True,True
9256858,False,True,False
9256860,True,False,False
9256913,True,False,False
9256975,True,False,False
9256987,True,False,False
9257022,False,True,True
9257137,True,True,True
9257149,True,False,False
9257503,True,False,False
9257711,True,False,False
9257802,False,True,True
9257814,False,True,True
9257993,True,True,False
9258002,True,True,True
9258026,False,True,True
9258167,False,True,True
9258478,False,False,True
9258519,True,False,False
9258521,True,True,False
9258595,True,False,False
9258674,True,False,False
9258868,False,True,True
9258870,True,False,False
9258882,False,True,True
9259185,True,True,True
9259197,True,True,True
9259317,True,False,False
9259367,True,False,False
9259408,True,False,False
9259599,True,True,False
9259692,True,False,False
9259733,False,True,True
9259745,True,True,True
9259927,True,False,False
9259991,False,True,True
9260055,True,False,False
9260067,True,False,True
9260275,False,True,True
9260483,False,False,True
9260823,False,True,True
9261401,False,True,True
9261619,False,True,True
9261657,False,True,True
9262156,True,False,False
9262168,True,False,False
9262754,True,False,False
9262766,True,False,False
9262912,True,False,False
9262924,False,True,True
9263186,False,True,True
9263198,False,True,True
9263203,False,True,True
9263215,True,False,False
9263227,True,False,False
9263382,True,False,False
9263643,True,True,True
9263693,False,False,True
9263954,True,False,False
9264570,True,True,True
9264881,True,False,False
9264893,True,False,False
9265744,True,False,False
9265756,False,True,True
9265873,False,True,True
9265885,False,True,True
9266475,False,True,True
9266750,False,True,True
9266841,True,False,False
9266853,True,True,True
9266865,False,True,True
9266877,False,True,True
9267132,True,False,False
9267297,True,False,False
9267948,True,False,False
9267950,True,False,False
9267962,True,False,False
9268112,True,True,True
9268186,True,False,False
9268710,True,False,True
9269403,True,False,False
9270517,False,True,True
9270529,True,True,True
9270555,False,True,True
9270646,True,False,False
9270658,True,False,False
9270684,True,False,False
9270696,True,False,False
9270749,False,True,True
9271327,True,True,True
9271406,True,False,False
9271585,True,True,True
9271896,True,False,False
9271951,False,True,True
9272412,True,False,False
9272694,True,False,False
9272931,False,True,True
9273002,True,False,False
9273052,True,True,True
9273260,True,False,False
9273337,True,False,False
9273387,False,True,False
9273442,False,True,False
9274082,False,True,True
9274331,False,False,True
9274343,False,False,True
9274434,True,True,True
9274446,True,True,False
9274563,True,False,False
9274616,True,False,False
9274800,False,True,True
9274941,True,False,False
9275658,True,False,False
9275660,True,False,False
9275995,True,False,False
9276028,True,True,True
9276030,False,True,True
9276561,False,True,True
9276573,True,False,False
9276585,True,False,False
9277371,True,False,False
9277723,True,False,False
9277735,True,True,True
9277747,False,True,True
9277759,False,True,True
9278064,False,True,True
9278600,True,False,False
9278698,True,False,False
9279422,True,False,False
9279434,True,False,False
9280366,True,False,False
9280873,True,False,False
9280885,True,True,True
9281009,False,True,True
9281011,True,True,True
9281152,True,True,True
9281554,True,False,False
9281683,True,False,True
9281695,True,False,False
9281891,True,True,True
9282041,True,True,True
9282106,True,False,False
9282479,True,True,True
9282481,True,True,True
9282493,False,True,True
9282508,True,False,False
9282522,True,False,False
9282792,True,True,True
9282986,False,True,True
9283007,True,False,False
9283019,True,False,False
9283021,True,False,False
9283033,True,False,False
9283241,True,True,True
9283289,False,True,True
9283291,False,True,True
9283306,False,True,True
9283746,True,False,False
9283758,True,False,False
9283760,True,False,False
9283801,True,False,False
9284142,True,False,False
9284154,True,False,False
9284582,True,True,True
9284594,True,True,True
9284726,False,True,True
9285744,True,False,False
9285756,True,False,False
9285835,False,True,True
9285847,True,True,True
9285859,False,True,True
9286023,False,True,True
9286073,True,False,True
9286229,True,False,False
9286281,False,True,True
9286463,True,True,True
9286657,False,True,True
9288019,True,False,False
9288095,True,False,False
9288265,True,False,False
9288693,False,True,True
9288708,False,True,True
9288710,False,True,True
9288722,False,True,True
9288734,False,True,True
9288746,False,True,True
9288758,True,False,False
9288851,True,True,True
9288863,False,True,True
9288875,True,False,False
9288899,False,True,True
9288930,False,True,True
9289166,True,False,False
9289477,True,True,False
9289491,True,False,False
9289520,False,True,True
9289726,True,False,False
9289738,False,True,True
9289740,True,False,False
9289752,False,True,True
9289776,True,True,True
9290086,True,False,False
9290309,False,True,True
9290335,False,True,True
9290359,True,False,False
9290373,False,True,False
9290385,False,True,True
9290397,False,True,True
9290517,False,True,True
9290775,True,False,False
9290828,False,True,True
9290919,True,False,False
9290921,False,True,True
9291250,False,True,True
9291262,True,True,True
9292034,True,True,True
9292046,False,True,True
9292058,True,True,True
9292060,True,True,True
9292151,True,False,False
9292163,True,False,False
9292187,True,False,True
9292199,False,True,True
9292204,False,True,True
9292228,True,False,False
9292486,True,False,False
9292503,False,True,True
9292577,False,True,True
9292589,False,True,True
9292838,False,True,True
9292981,False,True,True
9293002,False,True,True
9293117,False,True,True
9293143,True,False,False
9293155,True,True,True
9293741,True,False,False
9293959,False,True,True
9293997,False,True,True
9294123,False,True,True
9294240,True,False,False
9294264,False,True,False
9294305,True,False,False
9294329,True,False,False
9294331,False,True,True
9294795,True,False,False
9295098,True,False,False
9295593,True,False,False
9296377,False,True,True
9296391,False,True,True
9296406,False,True,True
9296585,True,True,False
9296597,False,True,False
9296810,False,True,True
9296822,True,True,True
9297101,True,False,False
9297149,False,False,True
9297319,True,False,False
9297357,True,True,True
9297371,False,True,True
9297541,False,True,True
9297553,False,True,True
9297888,False,True,True
9297905,True,False,False
9298272,True,False,False
9298284,True,False,False
9298492,True,True,True
9298595,False,True,True
9299123,False,True,True
9299135,False,True,False
9299161,False,True,True
9299173,False,True,True
9299446,True,False,False
9299458,True,False,False
9299563,True,False,False
9299666,False,True,True
9299678,False,True,True
9299680,True,True,True
9299692,True,True,True
9299707,True,True,True
9299719,True,True,True
9299721,True,True,True
9299733,False,True,True
9299745,True,True,False
9299769,True,True,True
9299771,False,True,True
9299862,False,True,True
9299874,False,True,True
9299886,False,True,True
9299898,False,True,True
9299903,True,True,True
9300348,True,True,True
9300350,True,True,True
9300817,False,True,False
9300996,True,False,False
9301005,True,False,False
9301380,True,True,True
9301392,True,True,True
9301407,True,True,True
9301419,True,True,True
9301421,True,True,True
9301524,False,True,True
9301615,True,True,False
9302023,True,False,False
9302566,True,False,False
9303754,True,False,False
9304356,True,True,True
9304629,False,True,True
9304655,True,False,False
9304667,True,False,False
9304825,False,True,True
9305192,True,False,False
9305207,True,False,False
9305219,True,False,False
9305221,True,False,False
9305556,False,True,True
9305568,False,True,True
9305609,True,False,False
9306548,True,False,False
9306562,False,True,True
9306627,False,True,True
9306665,True,False,False
9306782,True,True,True
9306794,False,True,True
9306809,False,True,True
9307009,True,False,False
9307023,True,False,False
9307047,True,False,False
9307205,False,True,False
9307633,True,False,False
9307724,True,False,False
9307748,True,False,False
9307815,False,True,True
9307932,True,False,False
9308065,True,True,True
9308077,False,True,True
9308132,False,True,True
9308170,False,True,True
9308443,False,True,True
9308778,True,False,False
9308821,False,True,True
9308833,False,True,True
9308857,False,True,True
9308950,False,True,True
9308998,True,False,False
9309227,True,False,False
9309239,True,False,False
9309576,True,True,True
9309588,True,True,True
9310018,True,False,False
9310147,True,False,False
9310159,True,False,False
9310525,False,True,True
9310707,False,True,True
9311270,True,False,False
9311309,True,False,False
9311531,False,True,True
9311610,False,True,True
9311622,True,True,True
9311751,False,True,True
9312353,True,False,False
9312494,True,False,False
9312509,True,False,False
9312872,True,True,True
9312884,True,True,True
9312896,True,True,True
9313149,True,False,False
9313242,True,False,False
9313498,False,True,True
9313589,True,True,True
9314088,True,True,True
9314105,True,True,True
9314167,False,True,True
9314650,True,False,False
9314818,True,True,False
9314820,False,True,True
9314882,False,True,True
9314894,False,True,True
9315446,True,True,True
9315642,True,False,False
9315654,True,True,True
9315745,False,True,True
9316127,False,True,True
9316701,True,False,False
9317315,False,True,False
9317949,False,True,True
9318022,True,False,False
9318034,False,True,True
9318539,False,True,True
9318541,True,True,True
9318553,True,True,True
9318618,True,False,False
9319674,False,True,True
9319686,False,True,True
9319703,False,True,True
9319870,False,True,True
9319882,False,True,True
9320738,True,False,False
9320843,True,False,False
9321172,False,True,True
9321421,True,False,False
9321469,True,False,False
9321562,False,True,True
9321677,True,False,False
9321689,False,True,True
9321691,False,True,True
9321706,True,True,True
9321718,True,True,True
9321847,True,True,True
9321976,True,True,True
9322267,True,True,False
9322279,True,False,False
9322827,True,True,False
9322839,True,True,False
9322956,True,True,True
9322968,True,True,True
9323314,False,True,True
9323326,False,True,True
9323338,True,True,False
9323340,False,True,True
9323364,False,True,True
9323376,False,True,True
9323429,True,False,False
9323596,True,False,False
9323833,True,False,False
9323974,False,True,True
9323986,False,True,True
9324277,True,True,True
9326055,True,False,False
9326067,True,False,False
9326689,False,True,False
9326718,False,True,True
9326720,False,True,True
9326885,True,False,False
9326902,True,False,False
9327360,False,True,True
9327372,False,True,True
9327413,True,True,False
9328170,True,True,True
9328716,True,False,False
9328900,True,False,False
9329655,True,True,True
9329667,False,True,True
9329760,False,True,True
9330020,True,False,False
9330472,False,True,True
9330501,True,False,False
9330599,False,True,True
9330604,False,True,False
9331141,False,True,True
9331153,False,True,True
9332028,False,True,True
9332315,True,False,False
9332614,True,False,False
9332781,False,True,True
9332810,False,True,True
9332822,False,True,True
9332834,False,True,True
9333400,False,True,True
9333412,False,True,True
9333424,False,True,True
9333436,True,True,True
9333589,True,False,False
9333670,True,True,True
9333682,True,True,True
9333785,False,True,True
9334557,False,True,True
9335094,False,True,True
9335678,True,False,False
9335680,True,False,False
9335692,True,False,False
9336426,False,True,True
9336490,True,True,True
9336517,False,True,True
9337133,True,True,False
9337195,True,False,True
9337327,False,True,False
9337389,True,True,True
9337418,False,True,True
9337901,False,True,True
9338230,True,False,False
9338905,False,True,True
9339301,True,True,True
9339313,True,True,True
9339325,True,True,True
9339337,True,True,True
9340934,True,False,False
9341067,True,True,True
9341079,True,True,True
9341081,True,True,True
9341093,True,True,True
9341512,True,False,False
9342786,True,False,False
9343986,False,False,True
9344033,True,True,True
9345623,False,True,True
9346524,True,False,False
9346536,True,False,False
9346548,True,False,False
9346720,False,True,True
9346732,True,True,True
9346744,False,True,True
9346873,False,True,True
9347059,True,False,False
9347061,True,False,False
9347308,False,True,True
9348479,False,True,True
9348493,True,False,False
9349289,True,False,False
9349291,True,False,False
9349576,True,False,False
9349588,True,False,False
9349590,True,False,False
9349667,True,False,False
9349679,True,False,False
9350422,True,False,False
9350654,True,True,True
9352195,False,True,True
9352559,True,False,False
9353096,False,True,True
9353113,False,True,True
9353125,False,True,True
9353905,True,False,False
9354167,True,False,False
9354301,True,True,True
9354313,True,True,True
9354521,True,False,False
9354636,False,False,True
9356593,True,False,False
9357183,True,False,False
9357353,True,False,False
9357365,True,False,False
9357377,True,False,False
9357389,True,False,False
9357391,True,False,False
9357406,True,False,False
9357717,True,False,False
9357729,True,False,False
9358010,True,False,True
9358034,True,False,False
9358802,True,False,False
9360001,True,False,False
9360128,True,True,True
9360130,True,True,True
9360415,False,True,True
9361407,True,False,False
9362059,True,False,False
9362061,True,False,False
9362073,True,False,False
9363182,True,False,False
9364112,True,False,False
9365752,True,False,False
9365764,True,False,False
9365776,True,False,False
9366110,True,False,False
9367982,True,False,False
9367994,True,False,False
9368003,True,False,False
9368015,True,False,False
9368223,False,True,True
9368235,False,True,True
9368340,True,False,False
9369617,False,False,True
9369710,True,False,False
9369722,True,False,False
9369760,True,False,False
9371608,True,False,False
9372547,True,True,True
9372559,True,True,True
9372561,True,True,True
9372705,True,False,False
9374868,False,True,True
9376440,True,False,False
9377042,False,True,True
9377779,False,True,True
9378618,True,True,True
9378620,False,True,True
9378632,True,True,True
9379052,False,True,True
9379301,True,True,True
9379404,True,False,False
9379636,True,False,False
9379698,True,False,False
9379703,True,False,False
9380570,True,True,True
9380673,False,True,True
9381732,True,True,True
9381744,True,True,False
9382073,True,True,True
9382712,False,True,True
9382798,True,True,True
9383869,False,True,True
9383950,True,True,True
9384069,False,True,True
9384095,False,True,True
9384306,True,True,True
9384435,False,True,True
9384447,False,True,True
9384459,False,True,True
9384992,False,True,True
9385142,True,True,True
9385233,False,False,True
9385831,False,True,True
9386304,True,False,False
9386500,True,False,False
9386536,False,True,True
9387152,True,False,False
9387255,False,True,True
9387279,True,True,True
9387762,True,False,False
9387786,True,False,False
9387798,True,False,False
9387803,True,False,False
9387815,True,False,False
9388027,True,True,True
9388742,False,True,True
9388754,True,True,True
9388766,False,True,True
9388780,False,True,True
9388792,False,True,True
9389071,False,True,True
9389083,False,True,True
9389095,False,True,True
9389100,False,True,True
9389679,False,True,True
9390317,False,False,True
9390587,False,True,True
9392822,True,True,True
9394935,False,True,True
9395379,False,True,True
9396854,True,False,False
9397030,True,False,False
9397080,True,False,False
9397535,True,True,True
9397547,True,True,True
9397559,True,True,True
9398046,True,False,False
9399167,True,False,False
9400112,True,False,False
9400980,True,True,True
9402469,True,True,True
9402471,False,True,True
9402732,False,True,True
9404546,True,False,False
9404572,True,False,False
9404948,False,True,True
9405057,False,True,True
9405930,True,False,False
9405942,True,False,False
9405954,True,False,False
9405966,True,False,False
9405978,True,False,False
9408190,False,True,True
9408205,False,True,True
9408358,True,False,False
9408530,False,True,True
9408542,False,True,True
9408554,False,True,True
9408695,True,True,False
9409247,True,False,False
9409259,False,True,True
9409467,True,True,True
9409986,True,False,False
9410387,True,False,False
9410870,True,True,False
9410894,True,True,False
9411020,True,True,True
9411288,True,False,False
9411331,True,True,True
9412335,True,True,True
9412347,True,True,True
9412359,True,True,True
9412452,False,True,True
9412995,True,True,True
9413004,True,True,True
9413547,False,True,True
9413559,True,True,True
9413561,False,True,True
9413573,True,True,True
9415844,True,False,False
9417115,True,True,True
9417464,True,True,True
9417490,True,False,False
9418078,True,False,False
9418482,False,True,True
9418494,True,True,True
9418509,True,True,True
9419137,True,True,True
9419151,False,True,True
9419448,True,True,True
9419450,False,True,True
9420356,True,False,False
9420368,True,False,False
9420370,True,False,False
9420617,False,True,False
9421960,True,True,True
9421972,False,True,True
9422445,True,True,True
9422457,False,True,True
9422653,True,True,True
9422847,True,False,False
9422859,True,False,False
9422988,True,True,False
9424651,False,True,True
9428358,False,True,True
9430210,False,True,True
9430272,False,True,True
9430715,True,False,False
9432658,True,False,False
9432660,True,False,False
9433016,True,True,True
9433286,True,False,False
9434890,False,True,True
9435337,False,True,True
9435363,False,True,True
9435375,False,True,True
9436006,True,True,True
9436018,False,True,True
9436020,False,True,True
9436484,True,False,False
9436941,True,True,True
9437983,False,True,True
9439383,False,True,True
9439539,False,True,True
9439541,True,True,True
9441178,True,False,False
9445057,True,False,False
9450715,True,False,False
9451501,True,False,False
9451642,False,True,False
9453729,True,False,False
9459242,False,True,True
9463528,True,False,False
9464156,True,False,False
9465746,True,False,False
9465758,True,False,False
9465760,True,False,False
9465849,True,False,False
9465851,True,False,False
9465863,True,False,False
9471123,True,False,False
9472634,False,True,True
9481881,True,False,False
9481910,True,True,False
9481922,True,False,False
9481934,True,False,False
9486805,True,False,False
9486910,True,False,False
9495832,False,True,True
9497531,True,False,False
9498171,False,False,True
9502453,True,False,False
9503304,False,True,True
9506320,True,False,False
9511387,False,True,True
9511521,True,True,True
9511533,True,True,True
9513139,True,True,True
9513268,True,False,False
9513270,True,False,False
9513282,True,False,False
9513294,True,False,False
9513309,True,False,False
9513311,True,False,False
9513323,True,False,False
9515539,False,False,True
9522324,False,True,True
9524451,True,True,True
9524463,True,True,True
9526693,True,False,False
9530917,True,True,True
9531375,True,False,False
9531387,True,False,False
9534614,True,False,False
9537109,True,True,True
9538115,True,False,False
9538892,True,False,False
9540883,True,False,False
9540895,True,False,False
9542518,True,False,False
9543500,True,False,False
9543512,True,False,False
9544281,True,True,True
9546708,True,False,False
9546710,True,False,False
9546722,True,False,False
9548990,True,False,False
9549009,True,False,False
9550137,False,False,True
9550682,False,True,True
9552496,True,False,False
9553957,True,False,False
9554822,True,False,False
9554834,True,False,False
9555199,True,False,False
9556947,True,False,False
9557549,True,False,False
9557915,True,False,False
9562233,False,True,True
9564126,True,False,False
9564695,True,False,False
9569205,True,False,False
9569619,True,False,False
9569621,True,False,False
9569633,True,False,False
9569645,True,False,False
9569657,True,False,False
9569669,True,False,False
9569671,True,False,False
9569683,True,False,False
9569695,True,False,False
9569700,True,False,False
9569712,True,False,False
9571052,True,False,False
9572020,True,False,False
9572111,True,False,False
9573816,False,False,True
9577082,True,True,True
9577094,True,True,True
9584762,True,False,False
9585819,True,False,False
9585912,False,True,True
9585924,False,True,True
9588885,True,False,False
9588990,True,False,False
9589750,True,True,True
9590008,True,False,False
9590137,True,True,True
9594339,True,False,False
9599341,False,True,True
9599353,False,True,True
9610781,True,True,True
9610793,True,True,True
9610808,True,True,True
9610810,True,True,True
9613549,True,False,False
9613551,True,False,False
9615092,True,False,False
9617923,True,False,False
9620633,True,False,False
9621558,False,True,True
9621560,False,True,True
9621596,False,True,True
9621601,True,True,True
9624213,True,False,False
9624225,True,False,False
9624316,False,False,True
9630004,True,True,True
9630028,True,False,True
9637492,False,True,False
9637507,False,True,False
9637961,False,False,True
9638197,False,False,True
9640499,False,False,True
9640516,False,True,True
9640528,False,True,True
9645011,False,False,True
9645061,False,False,True
9650016,True,True,True
9653068,True,False,False
9653070,True,False,False
9655456,False,True,False
9655470,False,True,True
9661792,True,False,False
9662643,True,False,False
9667813,True,False,False
9670987,True,False,False
9670999,True,False,False
9671668,True,False,False
9672301,True,False,False
9673202,True,False,False
9676230,False,False,True
9678238,True,False,False
9682423,True,False,False
9683570,True,False,False
9683726,False,True,True
9683738,True,True,True
9683740,True,True,True
9688790,True,False,False
9688805,True,False,False
9690212,True,False,True
9690224,True,False,False
9691785,True,False,False
9693240,True,False,False
9715270,False,False,True
9717357,True,False,False
9719862,True,False,False
9720263,True,False,True
9735323,True,False,True
9735335,True,False,True
9737187,True,True,True
9739898,True,False,False
9741724,True,False,True
9742120,True,False,False
9743033,True,False,False
9747194,True,False,False
9749154,False,True,True
9752084,True,True,True
9752096,True,True,True
9752101,True,True,True
9753727,True,False,False
9753739,True,False,False
9753741,True,False,False
9756573,True,False,False
9759666,True,False,False
9759915,True,True,True
9759927,True,True,True
9759939,True,True,True
9763837,True,False,True
9763849,True,False,True
9773301,True,False,False
9776523,True,False,False
9777670,True,True,True
9778313,False,True,False
9780940,True,False,False
9784893,True,True,True
9797577,True,False,False
9804057,True,False,False
9804617,True,False,False
9809277,True,False,False
9817779,True,False,False
9820245,True,False,False
9820257,True,False,False
9820269,True,False,False
9820271,True,False,False
9820312,True,False,False
9820324,True,False,False
9820336,True,False,False
9826902,True,True,True
9828663,True,False,False
9828675,True,False,False
9828687,True,False,False
9828699,True,False,False
9828704,True,False,False
9828716,True,False,False
9828754,True,False,False
9828766,True,False,False
9829629,True,False,False
9830769,True,False,True
9832547,True,True,True
9832559,True,True,True
9837547,True,True,True
9842176,True,True,True
9842188,True,True,True
9842190,True,True,True
9842205,True,False,False
9842217,True,False,False
9842279,True,False,False
9842281,True,False,False
9842293,True,False,False
9842308,True,False,False
9843560,True,True,True
9849423,True,False,False
9849435,True,False,False
9849459,True,False,False
9849461,True,False,False
9849473,True,False,False
9849887,False,True,True
9851103,True,False,False
9851115,True,False,False
9851127,True,False,False
9864837,True,True,True
9866380,True,True,True
9866392,True,True,True
9868807,True,False,False
9869291,True,False,False
9869473,True,False,False
9869485,True,False,False
9869497,True,False,False
9870111,True,False,False
9870123,True,False,False
9870238,True,False,False
9870240,True,False,False
9870587,True,False,False
9870599,True,False,False
9871232,True,False,False
9871244,True,False,False
9872224,True,False,False
9872262,True,False,False
9872274,True,False,False
9872286,True,False,False
9872561,True,False,False
9872573,True,False,False
9872585,True,False,False
9872602,True,False,False
9874064,True,False,False
9874131,True,False,False
9874155,True,False,False
9874167,True,False,False
9876359,True,True,True
9876361,True,False,False
9876373,True,False,False
9878761,True,False,False
9878773,True,False,False
9878785,True,False,False
9879686,True,False,False
9879715,True,False,False
9879727,True,False,False
9885879,True,True,True
9887152,True,False,False
9887853,True,False,False
9888182,True,False,False
9888273,True,False,False
9888285,True,False,False
9888297,True,False,False
9888792,True,False,False
9888807,True,False,False
9889198,True,False,False
9891476,True,False,False
9891488,True,False,False
9891490,True,False,False
9891505,True,False,False
9891608,True,False,False
9891610,True,False,False
9892365,True,False,False
9892377,True,False,False
9893137,True,False,False
9893149,True,False,False
9894399,True,False,False
9894492,True,False,False
9894507,True,False,False
9894519,True,False,False
9896294,True,False,False
9896309,True,False,False
9896323,True,False,False
9896335,True,False,False
9896347,True,False,False
9896361,True,False,False
9896373,True,False,False
9896397,True,False,False
9896402,True,False,False
9897066,True,False,False
9897690,True,False,False
9897705,True,False,False
9898254,True,False,False
9899052,True,False,False
9899064,True,False,False
9899076,True,False,False
9899088,True,False,False
9899105,True,False,False
9899117,True,False,False
9900514,True,False,False
9901025,True,True,True
9901037,True,True,True
9903827,True,False,False
9903839,True,False,False
9903841,True,False,False
9903853,True,False,False
9903865,True,False,False
9903877,True,False,False
9904546,True,False,False
9904675,True,False,False
9904687,True,False,False
9904699,True,False,False
9904704,True,False,False
9906544,True,False,False
9908994,True,False,False
9910909,True,False,False
9912696,True,False,False
9914577,True,False,False
9914589,True,False,False
9914591,True,False,False
9914606,True,False,False
9914723,True,False,False
9914735,True,False,False
9914747,True,False,False
9914759,True,False,False
9914761,True,False,False
9914785,True,False,False
9915090,True,False,True
9915105,True,False,True
9916654,True,False,False
9916692,True,False,False
9916707,True,False,False
9916721,True,False,False
9918779,True,False,False
9918781,True,False,False
9920954,True,False,False
9921996,True,False,False
9922110,True,False,False
9922122,True,False,False
9922134,True,False,False
9924340,True,False,False
9924352,True,False,False
9933717,True,False,False
9933729,True,False,False
9933731,True,False,False
9934498,True,False,True
9934503,True,False,False
9934515,True,False,False
9934527,True,False,False
9934539,True,False,False
9934541,True,False,False
9934553,True,False,False
9934565,True,False,False
9934577,True,False,False
9934589,True,False,False
9940186,True,False,False
9940497,True,False,False
9940538,True,False,False
9940540,True,False,False
9940552,True,False,False
9940576,True,False,False
9940590,True,False,False
9940617,True,False,False
9940629,True,False,False
9942392,True,False,True
9945124,True,False,False
9945136,True,False,False
9953509,True,True,True
9953511,True,True,True
9953523,True,True,True
9953535,True,True,True
9969821,True,False,False
