imo,name,n_videos,status
9308065,EVENTIN,0,no_results
9302683,GEORGIA,0,no_results
9253246,CH ELIXIR,0,no_results
9577123,NORTHERNLIGHT,0,no_results
9412000,CONGA,0,no_results
9325831,MINERVA PACIFICA,5,ok
9136785,SWORD LION,2,ok
8904408,MEKHANIK BRILIN,2,ok
8904379,MEKHANIK MAKARIN,0,no_results
8711289,RZK CONSTANTA,0,no_results
9236743,PRIMORYE,0,no_results
9842176,VLADIMIR MONOMAKH,0,no_results
9272412,FINVAL,0,no_results
9451642,VENGERY,1,ok
9906544,ASTROL-1,0,no_results
9198226,ASCALON,0,no_results
9413559,,0,no_name_skipped
9256078,,0,no_name_skipped
9339301,LIPETSK,0,no_results
9621601,,0,no_name_skipped
8920581,MELITO CARRIER,0,no_results
9621596,STANISLAV GOVORUKHIN,0,no_results
9610810,VIKTOR BAKAEV,0,no_results
9610793,GEORGY MASLOV,1,ok
9329655,PROXIMA,0,no_results
9397559,ARIA,0,no_results
9385142,ALMOND,0,no_results
9358010,MAIA-1,0,no_results
9220641,LADY MARIIA,2,ok
9349289,LADY D,0,no_results
9240550,SMP ARKHANGELSK,0,no_results
9842188,VLADIMIR VINOGRADOV,0,no_results
9888182,DMITRY MENDELEEV,0,no_results
9220639,BALTIC LEADER,5,ok
9398046,SMP NOVODVINSK,0,no_results
9307724,SCF SAKHALIN,0,no_results
9503304,GENERAL SKOBELEV,1,ok
9372547,VASILY DINKOV,0,no_results
8502107,INZHENER VESHNYAKOV,3,ok
8807416,AMBAL,0,no_results
9497531,SPASATEL KAREV,0,no_results
9390317,MARINSTRAUM,0,no_results
8502080,INZHENER TRUBIN,2,ok
8915550,NOYABRSK,0,no_results
9036284,NORDSTRAUM,0,no_results
9278600,BARENTS,2,ok
9268710,SPARTA,0,no_results
9752101,SHTURMAN OVTSYN,0,no_results
9572020,BALTIYSKIY ISSLEDOVATEL,1,ok
9159921,PATRIA,5,ok
9279422,KAPITAN KOKOVIN,1,ok
8821802,TIKSY,0,no_results
9250385,SIYANIE SEVERA,1,ok
9650016,RN SAKHALIN,0,no_results
9743033,SPARTA IV,2,ok
9179854,ADLER,5,ok
9171876,NARVAL,0,no_results
9157820,SIVUCH,0,no_results
9202053,SEVERNIY PROECT,0,no_results
9194012,ANABAR,0,no_results
9267297,BERING,1,ok
9866392,VOSTOCHNY PROSPECT,1,ok
9741724,ALARA,0,no_results
9842190,AKADEMIK GUBKIN,0,no_results
9866380,OKEANSKY PROSPECT,0,no_results
9302126,RAINBOW,0,no_results
9279719,,0,no_name_skipped
9293117,,0,no_name_skipped
9292981,NOBLE WALKER,0,no_results
9122473,VELON 1,0,no_results
9236652,ENZO 2,0,no_results
9335123,MILOU,0,no_results
9750696,EDUARD TOLL,3,ok
9325611,DUMBLEDORE,1,ok
9564671,PORTOFINO,0,no_results
9220926,BERNICE,0,no_results
9205067,RAVEN,0,no_results
9283291,TIBURON,0,no_results
9434890,,0,no_name_skipped
9439400,ORSA,0,no_results
9408190,SAMOS,0,no_results
9248461,WAN HE,0,no_results
9265756,LIFE,0,no_results
9252371,KIROHO,0,no_results
9292046,NOVA CREST,0,no_results
9257814,TOREX,0,no_results
9304356,,0,no_name_skipped
9247883,,0,no_name_skipped
9314179,LION S,0,no_results
9283289,,0,no_name_skipped
9308077,,0,no_name_skipped
9332614,BELLARIS,0,no_results
9291262,SILVAR,0,no_results
9379301,VERSA,0,no_results
9259733,YI TONG,0,no_results
9321677,DAPHNE V,1,ok
9282508,CAUVERI,0,no_results
9332171,VIRENT,1,ok
9390587,ONEIROI,0,no_results
9417464,,0,no_name_skipped
9274525,LXH,0,no_results
9318022,,0,no_name_skipped
9248447,BLUE LAGOON I,0,no_results
9232931,,0,no_name_skipped
9368223,ACHILLES,0,no_results
9292979,SAI,0,no_results
9302970,SAGAR1,0,no_results
9346720,KIRA K,0,no_results
9247792,,0,no_name_skipped
9388766,,0,no_name_skipped
9375575,SINO FAITH,0,no_results
9319686,HU PO,0,no_results
9404948,,0,no_name_skipped
9328132,SINO PROSPERITY,0,no_results
9346744,MA JIN,0,no_results
9350850,SINO SOURCE,0,no_results
9321172,SEA OWL I,0,no_results
9292589,,0,no_name_skipped
9290323,LADY LOUISE,0,no_results
9397456,HANNA,0,no_results
9301902,CERS,0,no_results
9296406,,0,no_name_skipped
9396763,AUTAN,0,no_results
9345623,,0,no_name_skipped
9292515,BREEZE III,0,no_results
9436020,CENTURION I,0,no_results
9297541,DOVE,0,no_results
9389071,TANGO 2,1,ok
9460564,BALU 6,0,no_results
9438406,MIGJORN,0,no_results
9472634,AURA 1,0,no_results
9389083,TIGER 6,0,no_results
9380051,GRACE LEON,1,ok
9356763,OCEAN WAVE I,0,no_results
9413004,HORAE,1,ok
9236004,KATIUSKA,0,no_results
9208069,STELLAR BEVERLY,0,no_results
9419450,JEWEL,0,no_results
9779941,SHUSHA,2,ok
9810513,KARABAKH,0,no_results
9420617,ZANGAZUR,0,no_results
9867621,KHANKENDI,0,no_results
9341079,CAMEL,0,no_results
9310525,QENDIL,1,ok
9750701,VLADIMIR RUSANOV,1,ok
9750660,NIKOLAY URVANTSEV,0,no_results
9253909,JAMES II,0,no_results
9290921,,0,no_name_skipped
9284726,,0,no_name_skipped
9270517,,0,no_name_skipped
9273088,OKYROE,0,no_results
9327384,LYCIA KA,0,no_results
9923994,DINO,0,no_results
9356751,SEA RAPTOR,0,no_results
9374868,,0,no_name_skipped
9206671,,0,no_name_skipped
9395379,FORTIS,0,no_results
9348493,GAUJA,0,no_results
9388742,SURYA,0,no_results
9299733,,0,no_name_skipped
9378620,,0,no_name_skipped
9293002,JAGUAR,0,no_results
9338905,SHAANXI,0,no_results
9308132,,0,no_name_skipped
9323986,GARASAN,0,no_results
9319882,,0,no_name_skipped
9826720,ALEXANDER,1,ok
9326861,DUKE OF PEACE,0,no_results
9293959,,0,no_name_skipped
9297369,URSUS ARCTOS,0,no_results
9297345,URSUS MARITIMUS,0,no_results
9309007,NORDIC,0,no_results
9408695,,0,no_name_skipped
9288368,ANNA MARIA P,1,ok
9629926,GRACE ROMAVICTOR,0,no_results
9269257,LARA,0,no_results
9273351,ETERNAL,0,no_results
9330472,THORIN,1,ok
9266865,BIVOLA,0,no_results
9255672,LEBRE,0,no_results
9257802,FURIA,0,no_results
9380673,CENTURION,1,ok
9308833,KUSTO,1,ok
9424651,MANTA,0,no_results
9296597,PROMETEI,0,no_results
9437983,CAI YUN,0,no_results
9308821,BERRA,0,no_results
9308857,RYMO,0,no_results
9232888,AILANA,1,ok
9250892,MIKATI,0,no_results
9227443,ARLAN,1,ok
9459242,FELIKS,0,no_results
9265885,,0,no_name_skipped
9385831,LERUO,0,no_results
9260823,,0,no_name_skipped
9292838,LISTIGA,0,no_results
9326718,,0,no_name_skipped
9262924,UTAKI,1,ok
9253076,REUS,0,no_results
9266877,PIERRE,0,no_results
9229374,ODUNE,0,no_results
9248849,SILVERA,0,no_results
9330604,NACHOS,0,no_results
9299771,MIRES,0,no_results
9207027,,0,no_name_skipped
9301524,,0,no_name_skipped
9137648,CARUZO,0,no_results
9265873,KAMELOT,0,no_results
9247376,MARIEL,0,no_results
9286281,SAMADHA,0,no_results
